Period,Marathwada
10,1303.8839244988
20,12840.3920868918
30,5054.7575847018
40,125548.375826042
50,68661.5340033691
60,245276.076863117
70,14895.9245436724
80,188475.830926415
