Period,R^2
10,1016.9890496631
20,9995.2131892121
30,189544.974828304
40,421124.354232673
50,270950.985385823
60,802076.720825676
70,1297.3284444254
80,838905.308794572
